-- phpMyAdmin SQL Dump
-- version 5.2.0
-- https://www.phpmyadmin.net/
--
-- Host: 127.0.0.1
-- Generation Time: Jul 11, 2022 at 12:18 PM
-- Server version: 10.4.24-MariaDB
-- PHP Version: 8.1.6

SET SQL_MODE = "NO_AUTO_VALUE_ON_ZERO";
START TRANSACTION;
SET time_zone = "+00:00";


/*!40101 SET @OLD_CHARACTER_SET_CLIENT=@@CHARACTER_SET_CLIENT */;
/*!40101 SET @OLD_CHARACTER_SET_RESULTS=@@CHARACTER_SET_RESULTS */;
/*!40101 SET @OLD_COLLATION_CONNECTION=@@COLLATION_CONNECTION */;
/*!40101 SET NAMES utf8mb4 */;

--
-- Database: `db_movie`
--

-- --------------------------------------------------------

--
-- Table structure for table `chairs`
--

CREATE TABLE `chairs` (
  `id` int(11) NOT NULL,
  `position` varchar(2) COLLATE utf8mb4_unicode_ci NOT NULL
) ENGINE=InnoDB DEFAULT CHARSET=utf8mb4 COLLATE=utf8mb4_unicode_ci;

--
-- Dumping data for table `chairs`
--

INSERT INTO `chairs` (`id`, `position`) VALUES
(1, 'A1'),
(2, 'A2'),
(3, 'A3'),
(4, 'A4'),
(5, 'B1'),
(6, 'B2'),
(7, 'B3'),
(8, 'B4'),
(9, 'C1'),
(10, 'C2'),
(11, 'C3'),
(12, 'C4'),
(13, 'D1'),
(14, 'D2'),
(15, 'D3'),
(16, 'D4'),
(17, 'E1'),
(18, 'E2'),
(19, 'E3'),
(20, 'E4'),
(21, 'F1'),
(22, 'F2'),
(23, 'F3'),
(24, 'F4'),
(25, 'G1'),
(26, 'G2'),
(27, 'G3'),
(28, 'G4'),
(29, 'H1'),
(30, 'H2'),
(31, 'H3'),
(32, 'H4');

-- --------------------------------------------------------

--
-- Table structure for table `cinemas`
--

CREATE TABLE `cinemas` (
  `id` int(11) NOT NULL,
  `name` varchar(255) COLLATE utf8mb4_unicode_ci NOT NULL,
  `city_id` int(11) DEFAULT NULL
) ENGINE=InnoDB DEFAULT CHARSET=utf8mb4 COLLATE=utf8mb4_unicode_ci;

--
-- Dumping data for table `cinemas`
--

INSERT INTO `cinemas` (`id`, `name`, `city_id`) VALUES
(2, 'Cinemovie Hà Nội', 1),
(3, 'CGV Hà Nội', 1),
(4, 'CGV Đà nẵng', 2),
(5, 'Cinemovie Đà nẵng', 2),
(6, 'Cinemovie HCM', 3),
(7, 'CGV HCM', 3),
(8, 'Lotte HCM', 3),
(9, 'BHD HCM', 3);

-- --------------------------------------------------------

--
-- Table structure for table `citys`
--

CREATE TABLE `citys` (
  `id` int(11) NOT NULL,
  `name` varchar(255) COLLATE utf8mb4_unicode_ci NOT NULL
) ENGINE=InnoDB DEFAULT CHARSET=utf8mb4 COLLATE=utf8mb4_unicode_ci;

--
-- Dumping data for table `citys`
--

INSERT INTO `citys` (`id`, `name`) VALUES
(1, 'Hà Nội'),
(2, 'Đà nẵng'),
(3, 'HCM');

-- --------------------------------------------------------

--
-- Table structure for table `movies`
--

CREATE TABLE `movies` (
  `id` int(11) NOT NULL,
  `category` varchar(255) COLLATE utf8mb4_unicode_ci NOT NULL,
  `description` text COLLATE utf8mb4_unicode_ci NOT NULL,
  `director` varchar(255) COLLATE utf8mb4_unicode_ci NOT NULL,
  `image` varchar(255) COLLATE utf8mb4_unicode_ci NOT NULL,
  `language` varchar(255) COLLATE utf8mb4_unicode_ci NOT NULL,
  `name` varchar(255) COLLATE utf8mb4_unicode_ci NOT NULL,
  `premiere` date NOT NULL,
  `time` int(11) NOT NULL,
  `view` int(11) NOT NULL,
  `age_limit` int(11) NOT NULL,
  `format` varchar(255) COLLATE utf8mb4_unicode_ci DEFAULT NULL
) ENGINE=InnoDB DEFAULT CHARSET=utf8mb4 COLLATE=utf8mb4_unicode_ci;

--
-- Dumping data for table `movies`
--

INSERT INTO `movies` (`id`, `category`, `description`, `director`, `image`, `language`, `name`, `premiere`, `time`, `view`, `age_limit`, `format`) VALUES
(1, 'Hành Động', 'Vì số tiền công hậu hĩnh lên đến 2,5 triệu USD, tay cựu quân nhân Jung Seok quyết định trở lại “Bán Đảo” nhằm thu hồi một kiện hàng nọ. Tuy nhiên, đón đợi Jung Seok và đồng đội trở về là cuộc phục kích của những chiến hữu cũ và sự tấn công của lũ zombie khát máu. Được gia đình Min Jung giải cứu, Jung Seok phải tìm cách đào thoát khỏi nơi đây trước khi mặt trời ló dạng.', 'Sang-ho Yeon', 'images/ban_dao_peninsula.jpg', '90', 'BÁN ĐẢO PENINSULA', '2022-07-08', 90, 876, 0, 'aaa'),
(32, 'Hồi hộp, Kinh Dị', 'Năm người lính Mỹ được giao nhiệm vụ canh giữ một dinh thự tại Pháp trong những năm cuối Thế chiến II. Họ rơi vào tình trạng hoảng loạn khi gặp phải một kẻ thù còn đáng sợ hơn rất nhiều những gì họ từng trải qua trên chiến trường.', 'Eric Bress', 'images/poster.jpg', 'Tiếng Anh - Phụ đề Tiếng Việt', 'DINH THỰ OAN KHUẤT', '2020-07-31', 95, 708, 0, NULL),
(33, 'Hài, Kinh Dị', 'Một cuốn nhật ký chứa đựng câu chuyện cuộc đời đầy bất hạnh của Galih, chàng trai đã tự sát trong chính căn nhà Naya đang ở. Ngoài Galih ra một hồn ma bí ẩn khác đã tạo nên sự hỗn loạn trong căn nhà và cuộc sống của Maya. Các bí ẩn của cuốn nhật ký có giúp cho Galih siêu thoát và Maya trở về cuộc sống yên bình?', 'Bene Dion Rajagukguk', 'images/ghost_writer_main_poster.jpg', 'Tiếng Indonesia - Phụ đề Tiếng Việt', 'HỒN MA VĂN SĨ', '2020-07-31', 99, 912, 0, NULL),
(34, 'Hành Động, Tội phạm', 'Rachel (Caren Pistorius thủ vai) là một người mẹ đơn thân đang phải đối mặt với nhiều những vấn đề trong cuộc sống. Không giữ được bình tĩnh trong một buổi sáng đột nhiên bị mất việc, cô vô tình nặng lời với một người đàn ông (Russell Crowe) trên chiếc xe chắn đường mình. Rachel không hề biết rằng gã đàn ông mà cô vô tình gây hấn chính là một kẻ có vấn đề về tâm lý, điên cuồng, tàn độc và sẵn sàng “dạy dỗ” người khác bằng những bài học chết người. Cô và những người thân yêu của mình liệu có toàn mạng trong cuộc rượt đuổi đó?', 'Derrick Borte', 'images/poster_kcs_5_1_.jpg', 'Tiếng Anh - Phụ đề Tiếng Việt', 'KẺ CUỒNG SÁT', '2020-07-30', 91, 436, 0, NULL),
(35, 'Gia đình, Phiêu Lưu, Tâm Lý, Thần thoại', 'Chuyển thể từ cuốn sách Những cuộc phiêu lưu của Pinocchio của nhà văn người Ý Carlo Collodi từng làm say mê bao thế hệ độc giả khắp thế giới, bộ phim kể về Pinocchio - chú bé người gỗ do bác thợ mộc Gepetto tạo nên, khao khát trở thành một câu bé đích thực bằng xương bằng thịt. Với chất liệu văn học tuyệt vời, cùng diễn xuất ấn tượng của chủ nhân tượng vàng Oscar - Roberto Benigni, phim đã nhận về 15 đề cử David di Donatello 2020 – giải thưởng điện ảnh cao quý, được xem như Oscars của Ý, bao gồm đề cử cho Đạo diễn xuất sắc nhất và Phim xuất sắc nhất.', 'Matteo Garrone', 'images/pinocchio_2.jpg', 'Tiếng Ý - Phụ đề Tiếng Việt', 'CẬU BÉ NGƯỜI GỖ PINOCCHIO', '2020-07-24', 125, 442, 0, NULL),
(36, 'Hoạt Hình', '(Khởi chiếu lại ngày 31.7.2020) Lấy bối cảnh tại thành phố giả tưởng San Fransokyo, thiên tài chế tạo robot Hiro Hamada, nhờ sự định hướng và cổ vũ của người anh trai Tadashi, quyết tâm sử dụng tài năng thiên bẩm của mình một cách nghiêm túc và giúp ích cho cộng đồng. Nhưng bỗng một biến cố bất ngờ ập đến đe dọa San Fransokyo, Hiro cùng với chú robot Baymax tự chế tạo ra, đã hợp lực với những người bạn cùng chí hướng như Go Go Tamago, Wasabi, Honey Lemon và Fred để cùng nhau lên đường chiến đấu bảo vệ thành phố.', 'Don Hall; Chris Williams', 'images/14-11-07_-_big_hero_6_biet_doi_big_hero_6_v5-01_1_.jpg', '107', 'BIỆT ĐỘI BIG HERO 6', '2019-12-25', 107, 903, 16, '2D'),
(37, 'Hoạt Hình', 'Phim là câu chuyện kể về Freddy Lupin - người thừa kế một gia đình sói quý tộc. Vào sinh nhật lần thứ 13 của mình, Freddy phải thực hiện nghi lễ trưởng thành và biến hình thành sói trước sự chứng kiến của các thành viên trong gia tộc. Thế nhưng, cậu lại biến thành một chú chó lông xù (Poodle). Trong lúc tuyệt vọng và nghĩ rằng cuộc đời đã chấm hết, Freddy bắt đầu một cuộc phiêu lưu mới đầy thú vị và vui nhộn; nhưng bất ngờ khám phá ra sự thật về cái chết bí ẩn của cha mình, rồi biết được một thợ săn người sói đang lên kế hoạch tiêu diệt tất cả gia đình và bạn bè cậu. Với vẻ ngoài nhỏ bé của một chú cún, liệu Freddy có ngăn chặn được âm mưu độc ác và chứng minh mình là sói 100%?', 'Alexs Stadermann', 'images/poster_soi_100_payoff.jpg', 'Tiếng Anh - Phụ đề Tiếng Việt; Lồng tiếng', 'SÓI 100%', '2020-06-08', 96, 190, 0, NULL),
(38, 'Hài, Kinh Dị, Tình cảm', 'Yêu Nhau Mùa Ế xoay quanh Lin, cô nàng có khả năng nhìn thấy ma quỷ. Sau khi chia tay bạn trai nam thần, cô cảm thấy mệt mỏi bởi chốn thành thị xô bồ nên quyết định… lên rừng ở ẩn. Xách ba lô đến một homestay vắng vẻ ở phía Bắc, Lin vô tình gặp gỡ chàng biên kịch gia trẻ tuổi Pud. Trải qua nhiều khoảnh khắc đáng nhớ, họ dần cảm mến nhau bất chấp sự đeo bám, phá phách của các oan hồn bản địa.', 'Nareubadee Wetchakam', 'images/ynme_poster_newversion_1_.jpg', 'Tiếng Thái - Phụ đề Tiếng Việt', 'YÊU NHAU MÙA Ế', '2020-07-10', 125, 241, 0, NULL),
(41, 'Siêu Anh Hùng, Hành Động, Khoa Học Viễn Tưởng', 'Sau các sự kiện của Avengers: Endgame (2019), Thor bước vào một cuộc hành trình - nghỉ hưu, tìm kiếm một sự bình tâm. Nhưng việc nghỉ hưu của anh ta bị gián đoạn bởi một kẻ giết người thiên hà được gọi là Gorr the God Butcher, kẻ đang tìm kiếm sự tuyệt chủng của các vị thần. Để chống lại mối đe dọa, Thor nhờ đến sự giúp đỡ của Vua Valkyrie, Korg và bạn gái cũ Jane Foster- người khiến Thor ngạc nhiên khi sử dụng được chiếc búa ma thuật của mình,Mjolnir, còn gọi là Mighty Thor. Cùng nhau, họ tham gia vào một cuộc phiêu lưu vũ trụ đầy cam go để khám phá bí ẩn về sự báo thù của Đồ tể Thần và ngăn chặn hắn trước khi quá muộn.', 'Taika Waititi', 'http://localhost:8080/files/thor-love-and-thunder.jpg', 'Ti', 'THOR : TÌNH YÊU VÀ SẤM SÉT ', '2022-07-08', 180, 0, 18, '4K');

-- --------------------------------------------------------

--
-- Table structure for table `rooms`
--

CREATE TABLE `rooms` (
  `id` int(11) NOT NULL,
  `name` varchar(255) COLLATE utf8mb4_unicode_ci NOT NULL,
  `cinema_id` int(11) DEFAULT NULL
) ENGINE=InnoDB DEFAULT CHARSET=utf8mb4 COLLATE=utf8mb4_unicode_ci;

--
-- Dumping data for table `rooms`
--

INSERT INTO `rooms` (`id`, `name`, `cinema_id`) VALUES
(6, 'P01', 2),
(7, 'P02', 2),
(8, 'P03', 2),
(9, 'P04', 2),
(10, 'P05', 2),
(11, 'P01', 3),
(12, 'P02', 3),
(13, 'P03', 3),
(14, 'P04', 3),
(15, 'P05', 3),
(16, 'P01', 4),
(17, 'P02', 4),
(18, 'P03', 4),
(19, 'P04', 4),
(20, 'P05', 4),
(21, 'P01', 5),
(22, 'P02', 5),
(23, 'P03', 5),
(24, 'P04', 5),
(25, 'P05', 5),
(26, 'P01', 6),
(27, 'P02', 6),
(28, 'P03', 6),
(29, 'P04', 6),
(30, 'P05', 6),
(31, 'P01', 7),
(32, 'P02', 7),
(33, 'P03', 7),
(34, 'P04', 7),
(35, 'P05', 7),
(36, 'P01', 8),
(37, 'P02', 8),
(38, 'P03', 8),
(39, 'P04', 8),
(40, 'P05', 8),
(41, 'P01', 9),
(42, 'P02', 9),
(43, 'P03', 9),
(44, 'P04', 9),
(45, 'P05', 9);

-- --------------------------------------------------------

--
-- Table structure for table `room_chairs`
--

CREATE TABLE `room_chairs` (
  `id` int(11) NOT NULL,
  `status` bit(1) NOT NULL,
  `chair_id` int(11) DEFAULT NULL,
  `room_id` int(11) DEFAULT NULL
) ENGINE=InnoDB DEFAULT CHARSET=utf8mb4 COLLATE=utf8mb4_unicode_ci;

--
-- Dumping data for table `room_chairs`
--

INSERT INTO `room_chairs` (`id`, `status`, `chair_id`, `room_id`) VALUES
(161, b'1', 1, 6),
(162, b'1', 2, 6),
(163, b'1', 3, 6),
(164, b'1', 4, 6),
(165, b'1', 5, 6),
(166, b'1', 6, 6),
(167, b'1', 7, 6),
(168, b'1', 8, 6),
(169, b'1', 9, 6),
(170, b'0', 10, 6),
(171, b'0', 11, 6),
(172, b'0', 12, 6),
(173, b'0', 13, 6),
(174, b'0', 14, 6),
(175, b'0', 15, 6),
(176, b'0', 16, 6),
(177, b'0', 17, 6),
(178, b'0', 18, 6),
(179, b'0', 19, 6),
(180, b'0', 20, 6),
(181, b'0', 21, 6),
(182, b'0', 22, 6),
(183, b'0', 23, 6),
(184, b'0', 24, 6),
(185, b'0', 25, 6),
(186, b'0', 26, 6),
(187, b'0', 27, 6),
(188, b'0', 28, 6),
(189, b'0', 29, 6),
(190, b'0', 30, 6),
(191, b'0', 31, 6),
(192, b'0', 32, 6),
(193, b'0', 1, 7),
(194, b'0', 2, 7),
(195, b'0', 3, 7),
(196, b'0', 4, 7),
(197, b'0', 5, 7),
(198, b'0', 6, 7),
(199, b'0', 7, 7),
(200, b'0', 8, 7),
(201, b'0', 9, 7),
(202, b'0', 10, 7),
(203, b'0', 11, 7),
(204, b'0', 12, 7),
(205, b'0', 13, 7),
(206, b'0', 14, 7),
(207, b'0', 15, 7),
(208, b'0', 16, 7),
(209, b'0', 17, 7),
(210, b'0', 18, 7),
(211, b'0', 19, 7),
(212, b'0', 20, 7),
(213, b'0', 21, 7),
(214, b'0', 22, 7),
(215, b'0', 23, 7),
(216, b'0', 24, 7),
(217, b'0', 25, 7),
(218, b'0', 26, 7),
(219, b'0', 27, 7),
(220, b'0', 28, 7),
(221, b'0', 29, 7),
(222, b'0', 30, 7),
(223, b'0', 31, 7),
(224, b'0', 32, 7),
(225, b'1', 1, 8),
(226, b'1', 2, 8),
(227, b'0', 3, 8),
(228, b'0', 4, 8),
(229, b'0', 5, 8),
(230, b'0', 6, 8),
(231, b'0', 7, 8),
(232, b'0', 8, 8),
(233, b'0', 9, 8),
(234, b'0', 10, 8),
(235, b'0', 11, 8),
(236, b'0', 12, 8),
(237, b'0', 13, 8),
(238, b'0', 14, 8),
(239, b'0', 15, 8),
(240, b'0', 16, 8),
(241, b'0', 17, 8),
(242, b'0', 18, 8),
(243, b'0', 19, 8),
(244, b'0', 20, 8),
(245, b'0', 21, 8),
(246, b'0', 22, 8),
(247, b'0', 23, 8),
(248, b'0', 24, 8),
(249, b'0', 25, 8),
(250, b'0', 26, 8),
(251, b'0', 27, 8),
(252, b'0', 28, 8),
(253, b'0', 29, 8),
(254, b'0', 30, 8),
(255, b'0', 31, 8),
(256, b'0', 32, 8),
(257, b'0', 1, 9),
(258, b'1', 2, 9),
(259, b'0', 3, 9),
(260, b'0', 4, 9),
(261, b'0', 5, 9),
(262, b'0', 6, 9),
(263, b'0', 7, 9),
(264, b'0', 8, 9),
(265, b'0', 9, 9),
(266, b'0', 10, 9),
(267, b'0', 11, 9),
(268, b'0', 12, 9),
(269, b'0', 13, 9),
(270, b'0', 14, 9),
(271, b'0', 15, 9),
(272, b'0', 16, 9),
(273, b'0', 17, 9),
(274, b'0', 18, 9),
(275, b'0', 19, 9),
(276, b'0', 20, 9),
(277, b'0', 21, 9),
(278, b'0', 22, 9),
(279, b'0', 23, 9),
(280, b'0', 24, 9),
(281, b'0', 25, 9),
(282, b'0', 26, 9),
(283, b'0', 27, 9),
(284, b'0', 28, 9),
(285, b'0', 29, 9),
(286, b'0', 30, 9),
(287, b'0', 31, 9),
(288, b'0', 32, 9),
(289, b'0', 1, 10),
(290, b'0', 2, 10),
(291, b'0', 3, 10),
(292, b'0', 4, 10),
(293, b'0', 5, 10),
(294, b'0', 6, 10),
(295, b'0', 7, 10),
(296, b'0', 8, 10),
(297, b'0', 9, 10),
(298, b'0', 10, 10),
(299, b'0', 11, 10),
(300, b'0', 12, 10),
(301, b'0', 13, 10),
(302, b'0', 14, 10),
(303, b'0', 15, 10),
(304, b'0', 16, 10),
(305, b'0', 17, 10),
(306, b'0', 18, 10),
(307, b'0', 19, 10),
(308, b'0', 20, 10),
(309, b'0', 21, 10),
(310, b'0', 22, 10),
(311, b'0', 23, 10),
(312, b'0', 24, 10),
(313, b'0', 25, 10),
(314, b'0', 26, 10),
(315, b'0', 27, 10),
(316, b'0', 28, 10),
(317, b'0', 29, 10),
(318, b'0', 30, 10),
(319, b'0', 31, 10),
(320, b'0', 32, 10),
(321, b'0', 1, 11),
(322, b'0', 2, 11),
(323, b'0', 3, 11),
(324, b'0', 4, 11),
(325, b'0', 5, 11),
(326, b'0', 6, 11),
(327, b'0', 7, 11),
(328, b'0', 8, 11),
(329, b'0', 9, 11),
(330, b'0', 10, 11),
(331, b'0', 11, 11),
(332, b'0', 12, 11),
(333, b'0', 13, 11),
(334, b'0', 14, 11),
(335, b'0', 15, 11),
(336, b'0', 16, 11),
(337, b'0', 17, 11),
(338, b'0', 18, 11),
(339, b'0', 19, 11),
(340, b'0', 20, 11),
(341, b'0', 21, 11),
(342, b'0', 22, 11),
(343, b'0', 23, 11),
(344, b'0', 24, 11),
(345, b'0', 25, 11),
(346, b'0', 26, 11),
(347, b'0', 27, 11),
(348, b'0', 28, 11),
(349, b'0', 29, 11),
(350, b'0', 30, 11),
(351, b'0', 31, 11),
(352, b'0', 32, 11),
(353, b'0', 1, 12),
(354, b'0', 2, 12),
(355, b'0', 3, 12),
(356, b'0', 4, 12),
(357, b'0', 5, 12),
(358, b'0', 6, 12),
(359, b'0', 7, 12),
(360, b'0', 8, 12),
(361, b'0', 9, 12),
(362, b'0', 10, 12),
(363, b'0', 11, 12),
(364, b'0', 12, 12),
(365, b'0', 13, 12),
(366, b'0', 14, 12),
(367, b'0', 15, 12),
(368, b'0', 16, 12),
(369, b'0', 17, 12),
(370, b'0', 18, 12),
(371, b'0', 19, 12),
(372, b'0', 20, 12),
(373, b'0', 21, 12),
(374, b'0', 22, 12),
(375, b'0', 23, 12),
(376, b'0', 24, 12),
(377, b'0', 25, 12),
(378, b'0', 26, 12),
(379, b'0', 27, 12),
(380, b'0', 28, 12),
(381, b'0', 29, 12),
(382, b'0', 30, 12),
(383, b'0', 31, 12),
(384, b'0', 32, 12),
(385, b'0', 1, 13),
(386, b'0', 2, 13),
(387, b'0', 3, 13),
(388, b'0', 4, 13),
(389, b'0', 5, 13),
(390, b'0', 6, 13),
(391, b'0', 7, 13),
(392, b'0', 8, 13),
(393, b'0', 9, 13),
(394, b'0', 10, 13),
(395, b'0', 11, 13),
(396, b'0', 12, 13),
(397, b'0', 13, 13),
(398, b'0', 14, 13),
(399, b'0', 15, 13),
(400, b'0', 16, 13),
(401, b'0', 17, 13),
(402, b'0', 18, 13),
(403, b'0', 19, 13),
(404, b'0', 20, 13),
(405, b'0', 21, 13),
(406, b'0', 22, 13),
(407, b'0', 23, 13),
(408, b'0', 24, 13),
(409, b'0', 25, 13),
(410, b'0', 26, 13),
(411, b'0', 27, 13),
(412, b'0', 28, 13),
(413, b'0', 29, 13),
(414, b'0', 30, 13),
(415, b'0', 31, 13),
(416, b'0', 32, 13),
(417, b'0', 1, 14),
(418, b'0', 2, 14),
(419, b'0', 3, 14),
(420, b'0', 4, 14),
(421, b'0', 5, 14),
(422, b'0', 6, 14),
(423, b'0', 7, 14),
(424, b'0', 8, 14),
(425, b'0', 9, 14),
(426, b'0', 10, 14),
(427, b'0', 11, 14),
(428, b'0', 12, 14),
(429, b'0', 13, 14),
(430, b'0', 14, 14),
(431, b'0', 15, 14),
(432, b'0', 16, 14),
(433, b'0', 17, 14),
(434, b'0', 18, 14),
(435, b'0', 19, 14),
(436, b'0', 20, 14),
(437, b'0', 21, 14),
(438, b'0', 22, 14),
(439, b'0', 23, 14),
(440, b'0', 24, 14),
(441, b'0', 25, 14),
(442, b'0', 26, 14),
(443, b'0', 27, 14),
(444, b'0', 28, 14),
(445, b'0', 29, 14),
(446, b'0', 30, 14),
(447, b'0', 31, 14),
(448, b'0', 32, 14),
(449, b'0', 1, 15),
(450, b'0', 2, 15),
(451, b'0', 3, 15),
(452, b'0', 4, 15),
(453, b'0', 5, 15),
(454, b'0', 6, 15),
(455, b'0', 7, 15),
(456, b'0', 8, 15),
(457, b'0', 9, 15),
(458, b'0', 10, 15),
(459, b'0', 11, 15),
(460, b'0', 12, 15),
(461, b'0', 13, 15),
(462, b'0', 14, 15),
(463, b'0', 15, 15),
(464, b'0', 16, 15),
(465, b'0', 17, 15),
(466, b'0', 18, 15),
(467, b'0', 19, 15),
(468, b'0', 20, 15),
(469, b'0', 21, 15),
(470, b'0', 22, 15),
(471, b'0', 23, 15),
(472, b'0', 24, 15),
(473, b'0', 25, 15),
(474, b'0', 26, 15),
(475, b'0', 27, 15),
(476, b'0', 28, 15),
(477, b'0', 29, 15),
(478, b'0', 30, 15),
(479, b'0', 31, 15),
(480, b'0', 32, 15),
(481, b'0', 1, 16),
(482, b'0', 2, 16),
(483, b'0', 3, 16),
(484, b'0', 4, 16),
(485, b'0', 5, 16),
(486, b'0', 6, 16),
(487, b'0', 7, 16),
(488, b'0', 8, 16),
(489, b'0', 9, 16),
(490, b'0', 10, 16),
(491, b'0', 11, 16),
(492, b'0', 12, 16),
(493, b'0', 13, 16),
(494, b'0', 14, 16),
(495, b'0', 15, 16),
(496, b'0', 16, 16),
(497, b'0', 17, 16),
(498, b'0', 18, 16),
(499, b'0', 19, 16),
(500, b'0', 20, 16),
(501, b'0', 21, 16),
(502, b'0', 22, 16),
(503, b'0', 23, 16),
(504, b'0', 24, 16),
(505, b'0', 25, 16),
(506, b'0', 26, 16),
(507, b'0', 27, 16),
(508, b'0', 28, 16),
(509, b'0', 29, 16),
(510, b'0', 30, 16),
(511, b'0', 31, 16),
(512, b'0', 32, 16),
(513, b'0', 1, 17),
(514, b'0', 2, 17),
(515, b'0', 3, 17),
(516, b'0', 4, 17),
(517, b'0', 5, 17),
(518, b'0', 6, 17),
(519, b'0', 7, 17),
(520, b'0', 8, 17),
(521, b'0', 9, 17),
(522, b'0', 10, 17),
(523, b'0', 11, 17),
(524, b'0', 12, 17),
(525, b'0', 13, 17),
(526, b'0', 14, 17),
(527, b'0', 15, 17),
(528, b'0', 16, 17),
(529, b'0', 17, 17),
(530, b'0', 18, 17),
(531, b'0', 19, 17),
(532, b'0', 20, 17),
(533, b'0', 21, 17),
(534, b'0', 22, 17),
(535, b'0', 23, 17),
(536, b'0', 24, 17),
(537, b'0', 25, 17),
(538, b'0', 26, 17),
(539, b'0', 27, 17),
(540, b'0', 28, 17),
(541, b'0', 29, 17),
(542, b'0', 30, 17),
(543, b'0', 31, 17),
(544, b'0', 32, 17),
(545, b'0', 1, 18),
(546, b'0', 2, 18),
(547, b'0', 3, 18),
(548, b'0', 4, 18),
(549, b'0', 5, 18),
(550, b'0', 6, 18),
(551, b'0', 7, 18),
(552, b'0', 8, 18),
(553, b'0', 9, 18),
(554, b'0', 10, 18),
(555, b'0', 11, 18),
(556, b'0', 12, 18),
(557, b'0', 13, 18),
(558, b'0', 14, 18),
(559, b'0', 15, 18),
(560, b'0', 16, 18),
(561, b'0', 17, 18),
(562, b'0', 18, 18),
(563, b'0', 19, 18),
(564, b'0', 20, 18),
(565, b'0', 21, 18),
(566, b'0', 22, 18),
(567, b'0', 23, 18),
(568, b'0', 24, 18),
(569, b'0', 25, 18),
(570, b'0', 26, 18),
(571, b'0', 27, 18),
(572, b'0', 28, 18),
(573, b'0', 29, 18),
(574, b'0', 30, 18),
(575, b'0', 31, 18),
(576, b'0', 32, 18),
(577, b'0', 1, 19),
(578, b'0', 2, 19),
(579, b'0', 3, 19),
(580, b'0', 4, 19),
(581, b'0', 5, 19),
(582, b'0', 6, 19),
(583, b'0', 7, 19),
(584, b'0', 8, 19),
(585, b'0', 9, 19),
(586, b'0', 10, 19),
(587, b'0', 11, 19),
(588, b'0', 12, 19),
(589, b'0', 13, 19),
(590, b'0', 14, 19),
(591, b'0', 15, 19),
(592, b'0', 16, 19),
(593, b'0', 17, 19),
(594, b'0', 18, 19),
(595, b'0', 19, 19),
(596, b'0', 20, 19),
(597, b'0', 21, 19),
(598, b'0', 22, 19),
(599, b'0', 23, 19),
(600, b'0', 24, 19),
(601, b'0', 25, 19),
(602, b'0', 26, 19),
(603, b'0', 27, 19),
(604, b'0', 28, 19),
(605, b'0', 29, 19),
(606, b'0', 30, 19),
(607, b'0', 31, 19),
(608, b'0', 32, 19),
(609, b'1', 1, 20),
(610, b'1', 2, 20),
(611, b'1', 3, 20),
(612, b'1', 4, 20),
(613, b'0', 5, 20),
(614, b'0', 6, 20),
(615, b'0', 7, 20),
(616, b'0', 8, 20),
(617, b'0', 9, 20),
(618, b'0', 10, 20),
(619, b'0', 11, 20),
(620, b'0', 12, 20),
(621, b'0', 13, 20),
(622, b'0', 14, 20),
(623, b'0', 15, 20),
(624, b'0', 16, 20),
(625, b'0', 17, 20),
(626, b'0', 18, 20),
(627, b'0', 19, 20),
(628, b'0', 20, 20),
(629, b'0', 21, 20),
(630, b'0', 22, 20),
(631, b'0', 23, 20),
(632, b'0', 24, 20),
(633, b'0', 25, 20),
(634, b'0', 26, 20),
(635, b'0', 27, 20),
(636, b'0', 28, 20),
(637, b'0', 29, 20),
(638, b'0', 30, 20),
(639, b'0', 31, 20),
(640, b'0', 32, 20),
(641, b'0', 1, 21),
(642, b'0', 2, 21),
(643, b'0', 3, 21),
(644, b'0', 4, 21),
(645, b'0', 5, 21),
(646, b'0', 6, 21),
(647, b'0', 7, 21),
(648, b'0', 8, 21),
(649, b'0', 9, 21),
(650, b'0', 10, 21),
(651, b'0', 11, 21),
(652, b'0', 12, 21),
(653, b'0', 13, 21),
(654, b'0', 14, 21),
(655, b'0', 15, 21),
(656, b'0', 16, 21),
(657, b'0', 17, 21),
(658, b'0', 18, 21),
(659, b'0', 19, 21),
(660, b'0', 20, 21),
(661, b'0', 21, 21),
(662, b'0', 22, 21),
(663, b'0', 23, 21),
(664, b'0', 24, 21),
(665, b'0', 25, 21),
(666, b'0', 26, 21),
(667, b'0', 27, 21),
(668, b'0', 28, 21),
(669, b'0', 29, 21),
(670, b'0', 30, 21),
(671, b'0', 31, 21),
(672, b'0', 32, 21),
(673, b'1', 1, 22),
(674, b'0', 2, 22),
(675, b'0', 3, 22),
(676, b'0', 4, 22),
(677, b'0', 5, 22),
(678, b'0', 6, 22),
(679, b'0', 7, 22),
(680, b'0', 8, 22),
(681, b'0', 9, 22),
(682, b'0', 10, 22),
(683, b'0', 11, 22),
(684, b'0', 12, 22),
(685, b'0', 13, 22),
(686, b'0', 14, 22),
(687, b'0', 15, 22),
(688, b'0', 16, 22),
(689, b'0', 17, 22),
(690, b'0', 18, 22),
(691, b'0', 19, 22),
(692, b'0', 20, 22),
(693, b'0', 21, 22),
(694, b'0', 22, 22),
(695, b'0', 23, 22),
(696, b'0', 24, 22),
(697, b'0', 25, 22),
(698, b'0', 26, 22),
(699, b'0', 27, 22),
(700, b'0', 28, 22),
(701, b'0', 29, 22),
(702, b'0', 30, 22),
(703, b'0', 31, 22),
(704, b'0', 32, 22),
(705, b'0', 1, 23),
(706, b'1', 2, 23),
(707, b'1', 3, 23),
(708, b'0', 4, 23),
(709, b'0', 5, 23),
(710, b'0', 6, 23),
(711, b'0', 7, 23),
(712, b'0', 8, 23),
(713, b'0', 9, 23),
(714, b'0', 10, 23),
(715, b'0', 11, 23),
(716, b'0', 12, 23),
(717, b'0', 13, 23),
(718, b'0', 14, 23),
(719, b'0', 15, 23),
(720, b'0', 16, 23),
(721, b'0', 17, 23),
(722, b'0', 18, 23),
(723, b'0', 19, 23),
(724, b'0', 20, 23),
(725, b'0', 21, 23),
(726, b'0', 22, 23),
(727, b'0', 23, 23),
(728, b'0', 24, 23),
(729, b'0', 25, 23),
(730, b'0', 26, 23),
(731, b'0', 27, 23),
(732, b'0', 28, 23),
(733, b'0', 29, 23),
(734, b'0', 30, 23),
(735, b'0', 31, 23),
(736, b'0', 32, 23),
(737, b'0', 1, 24),
(738, b'0', 2, 24),
(739, b'0', 3, 24),
(740, b'0', 4, 24),
(741, b'0', 5, 24),
(742, b'0', 6, 24),
(743, b'0', 7, 24),
(744, b'0', 8, 24),
(745, b'0', 9, 24),
(746, b'0', 10, 24),
(747, b'0', 11, 24),
(748, b'0', 12, 24),
(749, b'0', 13, 24),
(750, b'0', 14, 24),
(751, b'0', 15, 24),
(752, b'0', 16, 24),
(753, b'0', 17, 24),
(754, b'0', 18, 24),
(755, b'0', 19, 24),
(756, b'0', 20, 24),
(757, b'0', 21, 24),
(758, b'0', 22, 24),
(759, b'0', 23, 24),
(760, b'0', 24, 24),
(761, b'0', 25, 24),
(762, b'0', 26, 24),
(763, b'0', 27, 24),
(764, b'0', 28, 24),
(765, b'0', 29, 24),
(766, b'0', 30, 24),
(767, b'0', 31, 24),
(768, b'0', 32, 24),
(769, b'0', 1, 25),
(770, b'0', 2, 25),
(771, b'0', 3, 25),
(772, b'0', 4, 25),
(773, b'0', 5, 25),
(774, b'0', 6, 25),
(775, b'0', 7, 25),
(776, b'0', 8, 25),
(777, b'0', 9, 25),
(778, b'0', 10, 25),
(779, b'0', 11, 25),
(780, b'0', 12, 25),
(781, b'0', 13, 25),
(782, b'0', 14, 25),
(783, b'0', 15, 25),
(784, b'0', 16, 25),
(785, b'0', 17, 25),
(786, b'0', 18, 25),
(787, b'0', 19, 25),
(788, b'0', 20, 25),
(789, b'0', 21, 25),
(790, b'0', 22, 25),
(791, b'0', 23, 25),
(792, b'0', 24, 25),
(793, b'0', 25, 25),
(794, b'0', 26, 25),
(795, b'0', 27, 25),
(796, b'0', 28, 25),
(797, b'0', 29, 25),
(798, b'0', 30, 25),
(799, b'0', 31, 25),
(800, b'0', 32, 25),
(801, b'1', 1, 26),
(802, b'1', 2, 26),
(803, b'1', 3, 26),
(804, b'1', 4, 26),
(805, b'0', 5, 26),
(806, b'0', 6, 26),
(807, b'0', 7, 26),
(808, b'0', 8, 26),
(809, b'0', 9, 26),
(810, b'0', 10, 26),
(811, b'0', 11, 26),
(812, b'0', 12, 26),
(813, b'0', 13, 26),
(814, b'0', 14, 26),
(815, b'0', 15, 26),
(816, b'0', 16, 26),
(817, b'0', 17, 26),
(818, b'0', 18, 26),
(819, b'0', 19, 26),
(820, b'0', 20, 26),
(821, b'0', 21, 26),
(822, b'0', 22, 26),
(823, b'0', 23, 26),
(824, b'0', 24, 26),
(825, b'0', 25, 26),
(826, b'0', 26, 26),
(827, b'0', 27, 26),
(828, b'0', 28, 26),
(829, b'0', 29, 26),
(830, b'0', 30, 26),
(831, b'0', 31, 26),
(832, b'0', 32, 26),
(833, b'1', 1, 27),
(834, b'0', 2, 27),
(835, b'0', 3, 27),
(836, b'0', 4, 27),
(837, b'0', 5, 27),
(838, b'0', 6, 27),
(839, b'0', 7, 27),
(840, b'0', 8, 27),
(841, b'0', 9, 27),
(842, b'0', 10, 27),
(843, b'0', 11, 27),
(844, b'0', 12, 27),
(845, b'0', 13, 27),
(846, b'0', 14, 27),
(847, b'0', 15, 27),
(848, b'0', 16, 27),
(849, b'0', 17, 27),
(850, b'0', 18, 27),
(851, b'0', 19, 27),
(852, b'0', 20, 27),
(853, b'0', 21, 27),
(854, b'0', 22, 27),
(855, b'0', 23, 27),
(856, b'0', 24, 27),
(857, b'0', 25, 27),
(858, b'0', 26, 27),
(859, b'0', 27, 27),
(860, b'0', 28, 27),
(861, b'0', 29, 27),
(862, b'0', 30, 27),
(863, b'0', 31, 27),
(864, b'0', 32, 27),
(865, b'0', 1, 28),
(866, b'0', 2, 28),
(867, b'0', 3, 28),
(868, b'0', 4, 28),
(869, b'0', 5, 28),
(870, b'0', 6, 28),
(871, b'0', 7, 28),
(872, b'0', 8, 28),
(873, b'0', 9, 28),
(874, b'0', 10, 28),
(875, b'0', 11, 28),
(876, b'0', 12, 28),
(877, b'0', 13, 28),
(878, b'0', 14, 28),
(879, b'0', 15, 28),
(880, b'0', 16, 28),
(881, b'0', 17, 28),
(882, b'0', 18, 28),
(883, b'0', 19, 28),
(884, b'0', 20, 28),
(885, b'0', 21, 28),
(886, b'0', 22, 28),
(887, b'0', 23, 28),
(888, b'0', 24, 28),
(889, b'0', 25, 28),
(890, b'0', 26, 28),
(891, b'0', 27, 28),
(892, b'0', 28, 28),
(893, b'0', 29, 28),
(894, b'0', 30, 28),
(895, b'0', 31, 28),
(896, b'0', 32, 28),
(897, b'0', 1, 29),
(898, b'0', 2, 29),
(899, b'0', 3, 29),
(900, b'0', 4, 29),
(901, b'0', 5, 29),
(902, b'0', 6, 29),
(903, b'0', 7, 29),
(904, b'0', 8, 29),
(905, b'0', 9, 29),
(906, b'0', 10, 29),
(907, b'0', 11, 29),
(908, b'0', 12, 29),
(909, b'0', 13, 29),
(910, b'0', 14, 29),
(911, b'0', 15, 29),
(912, b'0', 16, 29),
(913, b'0', 17, 29),
(914, b'0', 18, 29),
(915, b'0', 19, 29),
(916, b'0', 20, 29),
(917, b'0', 21, 29),
(918, b'0', 22, 29),
(919, b'0', 23, 29),
(920, b'0', 24, 29),
(921, b'0', 25, 29),
(922, b'0', 26, 29),
(923, b'0', 27, 29),
(924, b'0', 28, 29),
(925, b'0', 29, 29),
(926, b'0', 30, 29),
(927, b'0', 31, 29),
(928, b'0', 32, 29),
(929, b'0', 1, 30),
(930, b'0', 2, 30),
(931, b'0', 3, 30),
(932, b'0', 4, 30),
(933, b'0', 5, 30),
(934, b'0', 6, 30),
(935, b'0', 7, 30),
(936, b'0', 8, 30),
(937, b'0', 9, 30),
(938, b'0', 10, 30),
(939, b'0', 11, 30),
(940, b'0', 12, 30),
(941, b'0', 13, 30),
(942, b'0', 14, 30),
(943, b'0', 15, 30),
(944, b'0', 16, 30),
(945, b'0', 17, 30),
(946, b'0', 18, 30),
(947, b'0', 19, 30),
(948, b'0', 20, 30),
(949, b'0', 21, 30),
(950, b'0', 22, 30),
(951, b'0', 23, 30),
(952, b'0', 24, 30),
(953, b'0', 25, 30),
(954, b'0', 26, 30),
(955, b'0', 27, 30),
(956, b'0', 28, 30),
(957, b'0', 29, 30),
(958, b'0', 30, 30),
(959, b'0', 31, 30),
(960, b'0', 32, 30),
(961, b'0', 1, 31),
(962, b'0', 2, 31),
(963, b'0', 3, 31),
(964, b'0', 4, 31),
(965, b'0', 5, 31),
(966, b'0', 6, 31),
(967, b'0', 7, 31),
(968, b'0', 8, 31),
(969, b'0', 9, 31),
(970, b'0', 10, 31),
(971, b'0', 11, 31),
(972, b'0', 12, 31),
(973, b'0', 13, 31),
(974, b'0', 14, 31),
(975, b'0', 15, 31),
(976, b'0', 16, 31),
(977, b'0', 17, 31),
(978, b'0', 18, 31),
(979, b'0', 19, 31),
(980, b'0', 20, 31),
(981, b'0', 21, 31),
(982, b'0', 22, 31),
(983, b'0', 23, 31),
(984, b'0', 24, 31),
(985, b'0', 25, 31),
(986, b'0', 26, 31),
(987, b'0', 27, 31),
(988, b'0', 28, 31),
(989, b'0', 29, 31),
(990, b'0', 30, 31),
(991, b'0', 31, 31),
(992, b'0', 32, 31),
(993, b'0', 1, 32),
(994, b'0', 2, 32),
(995, b'0', 3, 32),
(996, b'0', 4, 32),
(997, b'0', 5, 32),
(998, b'0', 6, 32),
(999, b'0', 7, 32),
(1000, b'0', 8, 32),
(1001, b'0', 9, 32),
(1002, b'0', 10, 32),
(1003, b'0', 11, 32),
(1004, b'0', 12, 32),
(1005, b'0', 13, 32),
(1006, b'0', 14, 32),
(1007, b'0', 15, 32),
(1008, b'0', 16, 32),
(1009, b'0', 17, 32),
(1010, b'0', 18, 32),
(1011, b'0', 19, 32),
(1012, b'0', 20, 32),
(1013, b'0', 21, 32),
(1014, b'0', 22, 32),
(1015, b'0', 23, 32),
(1016, b'0', 24, 32),
(1017, b'0', 25, 32),
(1018, b'0', 26, 32),
(1019, b'0', 27, 32),
(1020, b'0', 28, 32),
(1021, b'0', 29, 32),
(1022, b'0', 30, 32),
(1023, b'0', 31, 32),
(1024, b'0', 32, 32),
(1025, b'1', 1, 33),
(1026, b'0', 2, 33),
(1027, b'0', 3, 33),
(1028, b'0', 4, 33),
(1029, b'0', 5, 33),
(1030, b'0', 6, 33),
(1031, b'0', 7, 33),
(1032, b'0', 8, 33),
(1033, b'0', 9, 33),
(1034, b'0', 10, 33),
(1035, b'0', 11, 33),
(1036, b'0', 12, 33),
(1037, b'0', 13, 33),
(1038, b'0', 14, 33),
(1039, b'0', 15, 33),
(1040, b'0', 16, 33),
(1041, b'0', 17, 33),
(1042, b'0', 18, 33),
(1043, b'0', 19, 33),
(1044, b'0', 20, 33),
(1045, b'0', 21, 33),
(1046, b'0', 22, 33),
(1047, b'0', 23, 33),
(1048, b'0', 24, 33),
(1049, b'0', 25, 33),
(1050, b'0', 26, 33),
(1051, b'0', 27, 33),
(1052, b'0', 28, 33),
(1053, b'0', 29, 33),
(1054, b'0', 30, 33),
(1055, b'0', 31, 33),
(1056, b'0', 32, 33),
(1057, b'1', 1, 34),
(1058, b'1', 2, 34),
(1059, b'0', 3, 34),
(1060, b'0', 4, 34),
(1061, b'0', 5, 34),
(1062, b'0', 6, 34),
(1063, b'0', 7, 34),
(1064, b'0', 8, 34),
(1065, b'0', 9, 34),
(1066, b'0', 10, 34),
(1067, b'0', 11, 34),
(1068, b'0', 12, 34),
(1069, b'0', 13, 34),
(1070, b'0', 14, 34),
(1071, b'0', 15, 34),
(1072, b'0', 16, 34),
(1073, b'0', 17, 34),
(1074, b'0', 18, 34),
(1075, b'0', 19, 34),
(1076, b'0', 20, 34),
(1077, b'0', 21, 34),
(1078, b'0', 22, 34),
(1079, b'0', 23, 34),
(1080, b'0', 24, 34),
(1081, b'0', 25, 34),
(1082, b'0', 26, 34),
(1083, b'0', 27, 34),
(1084, b'0', 28, 34),
(1085, b'0', 29, 34),
(1086, b'0', 30, 34),
(1087, b'0', 31, 34),
(1088, b'0', 32, 34),
(1089, b'0', 1, 35),
(1090, b'0', 2, 35),
(1091, b'0', 3, 35),
(1092, b'0', 4, 35),
(1093, b'0', 5, 35),
(1094, b'0', 6, 35),
(1095, b'0', 7, 35),
(1096, b'0', 8, 35),
(1097, b'0', 9, 35),
(1098, b'0', 10, 35),
(1099, b'0', 11, 35),
(1100, b'0', 12, 35),
(1101, b'0', 13, 35),
(1102, b'0', 14, 35),
(1103, b'0', 15, 35),
(1104, b'0', 16, 35),
(1105, b'0', 17, 35),
(1106, b'0', 18, 35),
(1107, b'0', 19, 35),
(1108, b'0', 20, 35),
(1109, b'0', 21, 35),
(1110, b'0', 22, 35),
(1111, b'0', 23, 35),
(1112, b'0', 24, 35),
(1113, b'0', 25, 35),
(1114, b'0', 26, 35),
(1115, b'0', 27, 35),
(1116, b'0', 28, 35),
(1117, b'0', 29, 35),
(1118, b'0', 30, 35),
(1119, b'0', 31, 35),
(1120, b'0', 32, 35),
(1121, b'0', 1, 36),
(1122, b'0', 2, 36),
(1123, b'0', 3, 36),
(1124, b'0', 4, 36),
(1125, b'0', 5, 36),
(1126, b'0', 6, 36),
(1127, b'0', 7, 36),
(1128, b'0', 8, 36),
(1129, b'0', 9, 36),
(1130, b'0', 10, 36),
(1131, b'0', 11, 36),
(1132, b'0', 12, 36),
(1133, b'0', 13, 36),
(1134, b'0', 14, 36),
(1135, b'0', 15, 36),
(1136, b'0', 16, 36),
(1137, b'0', 17, 36),
(1138, b'0', 18, 36),
(1139, b'0', 19, 36),
(1140, b'0', 20, 36),
(1141, b'0', 21, 36),
(1142, b'0', 22, 36),
(1143, b'0', 23, 36),
(1144, b'0', 24, 36),
(1145, b'0', 25, 36),
(1146, b'0', 26, 36),
(1147, b'0', 27, 36),
(1148, b'0', 28, 36),
(1149, b'0', 29, 36),
(1150, b'0', 30, 36),
(1151, b'0', 31, 36),
(1152, b'0', 32, 36),
(1153, b'0', 1, 37),
(1154, b'0', 2, 37),
(1155, b'0', 3, 37),
(1156, b'0', 4, 37),
(1157, b'0', 5, 37),
(1158, b'0', 6, 37),
(1159, b'0', 7, 37),
(1160, b'0', 8, 37),
(1161, b'0', 9, 37),
(1162, b'0', 10, 37),
(1163, b'0', 11, 37),
(1164, b'0', 12, 37),
(1165, b'0', 13, 37),
(1166, b'0', 14, 37),
(1167, b'0', 15, 37),
(1168, b'0', 16, 37),
(1169, b'0', 17, 37),
(1170, b'0', 18, 37),
(1171, b'0', 19, 37),
(1172, b'0', 20, 37),
(1173, b'0', 21, 37),
(1174, b'0', 22, 37),
(1175, b'0', 23, 37),
(1176, b'0', 24, 37),
(1177, b'0', 25, 37),
(1178, b'0', 26, 37),
(1179, b'0', 27, 37),
(1180, b'0', 28, 37),
(1181, b'0', 29, 37),
(1182, b'0', 30, 37),
(1183, b'0', 31, 37),
(1184, b'0', 32, 37),
(1185, b'0', 1, 38),
(1186, b'0', 2, 38),
(1187, b'0', 3, 38),
(1188, b'0', 4, 38),
(1189, b'0', 5, 38),
(1190, b'0', 6, 38),
(1191, b'0', 7, 38),
(1192, b'0', 8, 38),
(1193, b'0', 9, 38),
(1194, b'0', 10, 38),
(1195, b'0', 11, 38),
(1196, b'0', 12, 38),
(1197, b'0', 13, 38),
(1198, b'0', 14, 38),
(1199, b'0', 15, 38),
(1200, b'0', 16, 38),
(1201, b'0', 17, 38),
(1202, b'0', 18, 38),
(1203, b'0', 19, 38),
(1204, b'0', 20, 38),
(1205, b'0', 21, 38),
(1206, b'0', 22, 38),
(1207, b'0', 23, 38),
(1208, b'0', 24, 38),
(1209, b'0', 25, 38),
(1210, b'0', 26, 38),
(1211, b'0', 27, 38),
(1212, b'0', 28, 38),
(1213, b'0', 29, 38),
(1214, b'0', 30, 38),
(1215, b'0', 31, 38),
(1216, b'0', 32, 38),
(1217, b'0', 1, 39),
(1218, b'0', 2, 39),
(1219, b'0', 3, 39),
(1220, b'0', 4, 39),
(1221, b'0', 5, 39),
(1222, b'0', 6, 39),
(1223, b'0', 7, 39),
(1224, b'0', 8, 39),
(1225, b'0', 9, 39),
(1226, b'0', 10, 39),
(1227, b'0', 11, 39),
(1228, b'0', 12, 39),
(1229, b'0', 13, 39),
(1230, b'0', 14, 39),
(1231, b'0', 15, 39),
(1232, b'0', 16, 39),
(1233, b'0', 17, 39),
(1234, b'0', 18, 39),
(1235, b'0', 19, 39),
(1236, b'0', 20, 39),
(1237, b'0', 21, 39),
(1238, b'0', 22, 39),
(1239, b'0', 23, 39),
(1240, b'0', 24, 39),
(1241, b'0', 25, 39),
(1242, b'0', 26, 39),
(1243, b'0', 27, 39),
(1244, b'0', 28, 39),
(1245, b'0', 29, 39),
(1246, b'0', 30, 39),
(1247, b'0', 31, 39),
(1248, b'0', 32, 39),
(1249, b'0', 1, 40),
(1250, b'0', 2, 40),
(1251, b'0', 3, 40),
(1252, b'0', 4, 40),
(1253, b'0', 5, 40),
(1254, b'0', 6, 40),
(1255, b'0', 7, 40),
(1256, b'0', 8, 40),
(1257, b'0', 9, 40),
(1258, b'0', 10, 40),
(1259, b'0', 11, 40),
(1260, b'0', 12, 40),
(1261, b'0', 13, 40),
(1262, b'0', 14, 40),
(1263, b'0', 15, 40),
(1264, b'0', 16, 40),
(1265, b'0', 17, 40),
(1266, b'0', 18, 40),
(1267, b'0', 19, 40),
(1268, b'0', 20, 40),
(1269, b'0', 21, 40),
(1270, b'0', 22, 40),
(1271, b'0', 23, 40),
(1272, b'0', 24, 40),
(1273, b'0', 25, 40),
(1274, b'0', 26, 40),
(1275, b'0', 27, 40),
(1276, b'0', 28, 40),
(1277, b'0', 29, 40),
(1278, b'0', 30, 40),
(1279, b'0', 31, 40),
(1280, b'0', 32, 40),
(1281, b'0', 1, 41),
(1282, b'0', 2, 41),
(1283, b'0', 3, 41),
(1284, b'0', 4, 41),
(1285, b'0', 5, 41),
(1286, b'0', 6, 41),
(1287, b'0', 7, 41),
(1288, b'0', 8, 41),
(1289, b'0', 9, 41),
(1290, b'0', 10, 41),
(1291, b'0', 11, 41),
(1292, b'0', 12, 41),
(1293, b'0', 13, 41),
(1294, b'0', 14, 41),
(1295, b'0', 15, 41),
(1296, b'0', 16, 41),
(1297, b'0', 17, 41),
(1298, b'0', 18, 41),
(1299, b'1', 19, 41),
(1300, b'0', 20, 41),
(1301, b'0', 21, 41),
(1302, b'0', 22, 41),
(1303, b'0', 23, 41),
(1304, b'0', 24, 41),
(1305, b'0', 25, 41),
(1306, b'0', 26, 41),
(1307, b'0', 27, 41),
(1308, b'0', 28, 41),
(1309, b'0', 29, 41),
(1310, b'0', 30, 41),
(1311, b'0', 31, 41),
(1312, b'0', 32, 41),
(1313, b'0', 1, 42),
(1314, b'0', 2, 42),
(1315, b'0', 3, 42),
(1316, b'0', 4, 42),
(1317, b'0', 5, 42),
(1318, b'0', 6, 42),
(1319, b'0', 7, 42),
(1320, b'0', 8, 42),
(1321, b'0', 9, 42),
(1322, b'0', 10, 42),
(1323, b'0', 11, 42),
(1324, b'0', 12, 42),
(1325, b'0', 13, 42),
(1326, b'0', 14, 42),
(1327, b'0', 15, 42),
(1328, b'0', 16, 42),
(1329, b'0', 17, 42),
(1330, b'0', 18, 42),
(1331, b'0', 19, 42),
(1332, b'0', 20, 42),
(1333, b'0', 21, 42),
(1334, b'0', 22, 42),
(1335, b'0', 23, 42),
(1336, b'0', 24, 42),
(1337, b'0', 25, 42),
(1338, b'0', 26, 42),
(1339, b'0', 27, 42),
(1340, b'0', 28, 42),
(1341, b'0', 29, 42),
(1342, b'0', 30, 42),
(1343, b'0', 31, 42),
(1344, b'0', 32, 42),
(1345, b'0', 1, 43),
(1346, b'0', 2, 43),
(1347, b'0', 3, 43),
(1348, b'0', 4, 43),
(1349, b'0', 5, 43),
(1350, b'0', 6, 43),
(1351, b'0', 7, 43),
(1352, b'0', 8, 43),
(1353, b'0', 9, 43),
(1354, b'0', 10, 43),
(1355, b'0', 11, 43),
(1356, b'0', 12, 43),
(1357, b'0', 13, 43),
(1358, b'0', 14, 43),
(1359, b'0', 15, 43),
(1360, b'0', 16, 43),
(1361, b'0', 17, 43),
(1362, b'0', 18, 43),
(1363, b'0', 19, 43),
(1364, b'0', 20, 43),
(1365, b'0', 21, 43),
(1366, b'0', 22, 43),
(1367, b'0', 23, 43),
(1368, b'0', 24, 43),
(1369, b'0', 25, 43),
(1370, b'0', 26, 43),
(1371, b'0', 27, 43),
(1372, b'0', 28, 43),
(1373, b'0', 29, 43),
(1374, b'0', 30, 43),
(1375, b'0', 31, 43),
(1376, b'0', 32, 43),
(1377, b'0', 1, 44),
(1378, b'0', 2, 44),
(1379, b'0', 3, 44),
(1380, b'0', 4, 44),
(1381, b'0', 5, 44),
(1382, b'0', 6, 44),
(1383, b'0', 7, 44),
(1384, b'0', 8, 44),
(1385, b'0', 9, 44),
(1386, b'0', 10, 44),
(1387, b'0', 11, 44),
(1388, b'0', 12, 44),
(1389, b'0', 13, 44),
(1390, b'0', 14, 44),
(1391, b'0', 15, 44),
(1392, b'0', 16, 44),
(1393, b'0', 17, 44),
(1394, b'0', 18, 44),
(1395, b'0', 19, 44),
(1396, b'0', 20, 44),
(1397, b'0', 21, 44),
(1398, b'0', 22, 44),
(1399, b'0', 23, 44),
(1400, b'0', 24, 44),
(1401, b'0', 25, 44),
(1402, b'0', 26, 44),
(1403, b'0', 27, 44),
(1404, b'0', 28, 44),
(1405, b'0', 29, 44),
(1406, b'0', 30, 44),
(1407, b'0', 31, 44),
(1408, b'0', 32, 44),
(1409, b'0', 1, 45),
(1410, b'0', 2, 45),
(1411, b'0', 3, 45),
(1412, b'0', 4, 45),
(1413, b'0', 5, 45),
(1414, b'0', 6, 45),
(1415, b'0', 7, 45),
(1416, b'0', 8, 45),
(1417, b'0', 9, 45),
(1418, b'0', 10, 45),
(1419, b'0', 11, 45),
(1420, b'0', 12, 45),
(1421, b'0', 13, 45),
(1422, b'0', 14, 45),
(1423, b'0', 15, 45),
(1424, b'0', 16, 45),
(1425, b'0', 17, 45),
(1426, b'0', 18, 45),
(1427, b'0', 19, 45),
(1428, b'0', 20, 45),
(1429, b'0', 21, 45),
(1430, b'0', 22, 45),
(1431, b'0', 23, 45),
(1432, b'0', 24, 45),
(1433, b'0', 25, 45),
(1434, b'0', 26, 45),
(1435, b'0', 27, 45),
(1436, b'0', 28, 45),
(1437, b'0', 29, 45),
(1438, b'0', 30, 45),
(1439, b'0', 31, 45),
(1440, b'0', 32, 45);

-- --------------------------------------------------------

--
-- Table structure for table `room_movie_schedules`
--

CREATE TABLE `room_movie_schedules` (
  `id` int(11) NOT NULL,
  `movie_id` int(11) DEFAULT NULL,
  `room_id` int(11) DEFAULT NULL,
  `schedule_id` int(11) DEFAULT NULL
) ENGINE=InnoDB DEFAULT CHARSET=utf8mb4 COLLATE=utf8mb4_unicode_ci;

--
-- Dumping data for table `room_movie_schedules`
--

INSERT INTO `room_movie_schedules` (`id`, `movie_id`, `room_id`, `schedule_id`) VALUES
(4, 1, 6, 12),
(6, 41, 26, 13),
(7, 41, 27, 14),
(8, 41, 26, 15),
(9, 41, 8, 16);

-- --------------------------------------------------------

--
-- Table structure for table `schedules`
--

CREATE TABLE `schedules` (
  `id` int(11) NOT NULL,
  `time` datetime(6) DEFAULT NULL
) ENGINE=InnoDB DEFAULT CHARSET=utf8mb4 COLLATE=utf8mb4_unicode_ci;

--
-- Dumping data for table `schedules`
--

INSERT INTO `schedules` (`id`, `time`) VALUES
(1, '2020-10-13 12:10:00.000000'),
(2, '2020-10-14 01:10:00.000000'),
(3, '2020-10-13 12:15:00.000000'),
(4, '2020-10-14 10:10:00.000000'),
(5, '2020-10-21 22:00:00.000000'),
(6, '2022-07-08 20:25:00.000000'),
(7, '2022-07-08 21:16:00.000000'),
(8, '2022-07-08 10:15:00.000000'),
(9, '2022-07-09 16:20:00.000000'),
(10, '2022-07-09 16:30:00.000000'),
(11, '2022-07-09 20:30:00.000000'),
(12, '2022-07-10 20:25:00.000000'),
(13, '2022-07-11 10:15:00.000000'),
(14, '2022-07-12 16:30:00.000000'),
(15, '2022-07-12 20:30:00.000000'),
(16, '2022-07-11 22:00:00.000000');

-- --------------------------------------------------------

--
-- Table structure for table `tickets`
--

CREATE TABLE `tickets` (
  `id` int(11) NOT NULL,
  `code` varchar(255) COLLATE utf8mb4_unicode_ci NOT NULL,
  `date` date NOT NULL,
  `is_pay` bit(1) NOT NULL,
  `is_received` bit(1) NOT NULL,
  `room_chair_id` int(11) DEFAULT NULL,
  `room_movie_schedule_id` int(11) DEFAULT NULL,
  `user_id` int(11) DEFAULT NULL,
  `amount` int(11) NOT NULL
) ENGINE=InnoDB DEFAULT CHARSET=utf8mb4 COLLATE=utf8mb4_unicode_ci;

--
-- Dumping data for table `tickets`
--

INSERT INTO `tickets` (`id`, `code`, `date`, `is_pay`, `is_received`, `room_chair_id`, `room_movie_schedule_id`, `user_id`, `amount`) VALUES
(9, 'BD3D9D9A-192F', '2022-07-09', b'0', b'0', 169, 4, 2, 60),
(10, '813E0E10-E5DC', '2022-07-09', b'0', b'0', 833, 7, 2, 60),
(11, '9820A03B-1741', '2022-07-09', b'0', b'0', 801, 8, 2, 60),
(12, '72608F94-0D02', '2022-07-09', b'0', b'0', 802, 8, 2, 60),
(13, 'CB6A1120-2CB3', '2022-07-09', b'0', b'0', 803, 8, 2, 60),
(14, '1A2BDD25-9C41', '2022-07-09', b'0', b'0', 804, 8, 2, 60),
(15, '6D7E0D0E-8682', '2022-07-11', b'0', b'0', 226, 9, 14, 60);

-- --------------------------------------------------------

--
-- Table structure for table `tokens`
--

CREATE TABLE `tokens` (
  `id` int(11) NOT NULL,
  `is_used` bit(1) NOT NULL,
  `password` varchar(255) COLLATE utf8mb4_unicode_ci NOT NULL,
  `time_create` datetime DEFAULT NULL,
  `token` varchar(255) COLLATE utf8mb4_unicode_ci NOT NULL,
  `username` varchar(255) COLLATE utf8mb4_unicode_ci NOT NULL
) ENGINE=InnoDB DEFAULT CHARSET=utf8mb4 COLLATE=utf8mb4_unicode_ci;

-- --------------------------------------------------------

--
-- Table structure for table `users`
--

CREATE TABLE `users` (
  `id` int(11) NOT NULL,
  `date_of_birth` date DEFAULT NULL,
  `email` varchar(255) COLLATE utf8mb4_unicode_ci NOT NULL,
  `full_name` varchar(255) COLLATE utf8mb4_unicode_ci NOT NULL,
  `gender` bit(1) NOT NULL,
  `password` varchar(255) COLLATE utf8mb4_unicode_ci NOT NULL,
  `role` varchar(255) COLLATE utf8mb4_unicode_ci NOT NULL,
  `username` varchar(255) COLLATE utf8mb4_unicode_ci NOT NULL,
  `phone` varchar(255) COLLATE utf8mb4_unicode_ci DEFAULT NULL,
  `cinema_love` varchar(255) COLLATE utf8mb4_unicode_ci DEFAULT NULL,
  `zone` varchar(255) COLLATE utf8mb4_unicode_ci DEFAULT NULL,
  `image_url` varchar(255) COLLATE utf8mb4_unicode_ci DEFAULT NULL
) ENGINE=InnoDB DEFAULT CHARSET=utf8mb4 COLLATE=utf8mb4_unicode_ci;

--
-- Dumping data for table `users`
--

INSERT INTO `users` (`id`, `date_of_birth`, `email`, `full_name`, `gender`, `password`, `role`, `username`, `phone`, `cinema_love`, `zone`, `image_url`) VALUES
(2, '2000-07-05', 'tranhoangquan0507@gmail.com', 'Trần Hoàng Quân', b'1', '$2a$10$2JRLVnEjFWZH6gNVCgqj6.EaAt9x28Ytg/GikYqJuMoxrRFnPE80S', 'ROLE_ADMIN', 'admin', '0984050700', NULL, NULL, 'D:\\hk4\\Do An\\image cinemovie/admin.jpg'),
(9, '2020-10-14', 'tanphatnguyen11102000@gmail.com', 'Nguyễn Tấn Phát', b'1', '$2a$10$WFi20xt4xnm2zb9rzr/Gf.WYENUTta6Xu2RCBDVKpgKn/lI.f/kHq', 'ROLE_EMPLOYEE', 'manager', '0903652430', 'CGV', 'Đà Nẵng', NULL),
(13, NULL, 'lethib@gmail.com', 'Lê Thị B', b'0', '$2a$10$S9nw8ZDqThm62/7lvC66teJflI/IFtgsxKrqYY7oLJcBYBUw7Yl1y', 'ROLE_EMPLOYEE', 'nhanvien1', NULL, NULL, NULL, NULL),
(14, '1998-09-21', 'nam@gmail.com', 'Trần Hoàng Nam', b'1', '$2a$10$Hwsx6Bf8uJWkaWNDgLblGuOkorVOoEY1bUnBQsStmTf21xzsUGvju', 'ROLE_USER', 'nam', '0334073296', 'HCM', 'tphcm', NULL);

--
-- Indexes for dumped tables
--

--
-- Indexes for table `chairs`
--
ALTER TABLE `chairs`
  ADD PRIMARY KEY (`id`),
  ADD UNIQUE KEY `UK_lsfed8w5hrcc6ngol7v89opdb` (`position`);

--
-- Indexes for table `cinemas`
--
ALTER TABLE `cinemas`
  ADD PRIMARY KEY (`id`),
  ADD KEY `FK5hbuhximwhq9xtmqtvodspmy4` (`city_id`);

--
-- Indexes for table `citys`
--
ALTER TABLE `citys`
  ADD PRIMARY KEY (`id`);

--
-- Indexes for table `movies`
--
ALTER TABLE `movies`
  ADD PRIMARY KEY (`id`);

--
-- Indexes for table `rooms`
--
ALTER TABLE `rooms`
  ADD PRIMARY KEY (`id`),
  ADD KEY `FKjp9bjtvlojbw581bpq23cpw4j` (`cinema_id`);

--
-- Indexes for table `room_chairs`
--
ALTER TABLE `room_chairs`
  ADD PRIMARY KEY (`id`),
  ADD KEY `FKke4xki8q4m1uywuq8plxyjrua` (`chair_id`),
  ADD KEY `FK2wpi3kqrjh6o3dx1enlqudwqs` (`room_id`);

--
-- Indexes for table `room_movie_schedules`
--
ALTER TABLE `room_movie_schedules`
  ADD PRIMARY KEY (`id`),
  ADD KEY `FKk6ubk7nndv7socboquftn617` (`movie_id`),
  ADD KEY `FK5dr3fw0jnuj9wmypgta4kr4vw` (`room_id`),
  ADD KEY `FKrqflt20fgh82yw7bx4pu2wt9y` (`schedule_id`);

--
-- Indexes for table `schedules`
--
ALTER TABLE `schedules`
  ADD PRIMARY KEY (`id`);

--
-- Indexes for table `tickets`
--
ALTER TABLE `tickets`
  ADD PRIMARY KEY (`id`),
  ADD KEY `FKnif95hrdv04q2dpffjrgb7mdt` (`room_chair_id`),
  ADD KEY `FKlvmnwqaladguonfvr4enspyfo` (`room_movie_schedule_id`),
  ADD KEY `FK4eqsebpimnjen0q46ja6fl2hl` (`user_id`);

--
-- Indexes for table `tokens`
--
ALTER TABLE `tokens`
  ADD PRIMARY KEY (`id`);

--
-- Indexes for table `users`
--
ALTER TABLE `users`
  ADD PRIMARY KEY (`id`),
  ADD UNIQUE KEY `UK_6dotkott2kjsp8vw4d0m25fb7` (`email`),
  ADD UNIQUE KEY `UK_r43af9ap4edm43mmtq01oddj6` (`username`);

--
-- AUTO_INCREMENT for dumped tables
--

--
-- AUTO_INCREMENT for table `chairs`
--
ALTER TABLE `chairs`
  MODIFY `id` int(11) NOT NULL AUTO_INCREMENT, AUTO_INCREMENT=33;

--
-- AUTO_INCREMENT for table `cinemas`
--
ALTER TABLE `cinemas`
  MODIFY `id` int(11) NOT NULL AUTO_INCREMENT, AUTO_INCREMENT=10;

--
-- AUTO_INCREMENT for table `citys`
--
ALTER TABLE `citys`
  MODIFY `id` int(11) NOT NULL AUTO_INCREMENT, AUTO_INCREMENT=4;

--
-- AUTO_INCREMENT for table `movies`
--
ALTER TABLE `movies`
  MODIFY `id` int(11) NOT NULL AUTO_INCREMENT, AUTO_INCREMENT=42;

--
-- AUTO_INCREMENT for table `rooms`
--
ALTER TABLE `rooms`
  MODIFY `id` int(11) NOT NULL AUTO_INCREMENT, AUTO_INCREMENT=46;

--
-- AUTO_INCREMENT for table `room_chairs`
--
ALTER TABLE `room_chairs`
  MODIFY `id` int(11) NOT NULL AUTO_INCREMENT, AUTO_INCREMENT=1441;

--
-- AUTO_INCREMENT for table `room_movie_schedules`
--
ALTER TABLE `room_movie_schedules`
  MODIFY `id` int(11) NOT NULL AUTO_INCREMENT, AUTO_INCREMENT=10;

--
-- AUTO_INCREMENT for table `schedules`
--
ALTER TABLE `schedules`
  MODIFY `id` int(11) NOT NULL AUTO_INCREMENT, AUTO_INCREMENT=17;

--
-- AUTO_INCREMENT for table `tickets`
--
ALTER TABLE `tickets`
  MODIFY `id` int(11) NOT NULL AUTO_INCREMENT, AUTO_INCREMENT=16;

--
-- AUTO_INCREMENT for table `tokens`
--
ALTER TABLE `tokens`
  MODIFY `id` int(11) NOT NULL AUTO_INCREMENT;

--
-- AUTO_INCREMENT for table `users`
--
ALTER TABLE `users`
  MODIFY `id` int(11) NOT NULL AUTO_INCREMENT, AUTO_INCREMENT=15;

--
-- Constraints for dumped tables
--

--
-- Constraints for table `cinemas`
--
ALTER TABLE `cinemas`
  ADD CONSTRAINT `FK5hbuhximwhq9xtmqtvodspmy4` FOREIGN KEY (`city_id`) REFERENCES `citys` (`id`);

--
-- Constraints for table `rooms`
--
ALTER TABLE `rooms`
  ADD CONSTRAINT `FKjp9bjtvlojbw581bpq23cpw4j` FOREIGN KEY (`cinema_id`) REFERENCES `cinemas` (`id`);

--
-- Constraints for table `room_chairs`
--
ALTER TABLE `room_chairs`
  ADD CONSTRAINT `FK2wpi3kqrjh6o3dx1enlqudwqs` FOREIGN KEY (`room_id`) REFERENCES `rooms` (`id`),
  ADD CONSTRAINT `FKke4xki8q4m1uywuq8plxyjrua` FOREIGN KEY (`chair_id`) REFERENCES `chairs` (`id`);

--
-- Constraints for table `room_movie_schedules`
--
ALTER TABLE `room_movie_schedules`
  ADD CONSTRAINT `FK5dr3fw0jnuj9wmypgta4kr4vw` FOREIGN KEY (`room_id`) REFERENCES `rooms` (`id`),
  ADD CONSTRAINT `FKk6ubk7nndv7socboquftn617` FOREIGN KEY (`movie_id`) REFERENCES `movies` (`id`),
  ADD CONSTRAINT `FKrqflt20fgh82yw7bx4pu2wt9y` FOREIGN KEY (`schedule_id`) REFERENCES `schedules` (`id`);

--
-- Constraints for table `tickets`
--
ALTER TABLE `tickets`
  ADD CONSTRAINT `FK4eqsebpimnjen0q46ja6fl2hl` FOREIGN KEY (`user_id`) REFERENCES `users` (`id`),
  ADD CONSTRAINT `FKlvmnwqaladguonfvr4enspyfo` FOREIGN KEY (`room_movie_schedule_id`) REFERENCES `room_movie_schedules` (`id`),
  ADD CONSTRAINT `FKnif95hrdv04q2dpffjrgb7mdt` FOREIGN KEY (`room_chair_id`) REFERENCES `room_chairs` (`id`);
COMMIT;

/*!40101 SET CHARACTER_SET_CLIENT=@OLD_CHARACTER_SET_CLIENT */;
/*!40101 SET CHARACTER_SET_RESULTS=@OLD_CHARACTER_SET_RESULTS */;
/*!40101 SET COLLATION_CONNECTION=@OLD_COLLATION_CONNECTION */;
